{"cameraMode":{"drawMode":0,"name":"Shaded","section":"Shading Mode"},"sceneLighting":true,"audioPlay":false,"sceneViewState":{"m_AlwaysRefresh":false,"showFog":true,"showSkybox":true,"showFlares":true,"showImageEffects":true,"showParticleSystems":true,"showVisualEffectGraphs":true,"m_FxEnabled":true},"in2DMode":false,"pivot":{"x":99.47002410888672,"y":119.39752960205078,"z":160.3078155517578},"rotation":{"x":0.07266038656234741,"y":0.9238199591636658,"z":-0.2205098420381546,"w":0.3044028580188751},"size":0.0059392028488218788,"orthographic":false}